{
  "train": {
    "n_samples": 3762423,
    "chars": {
      "total": 25870542904,
      "mean": 6876.032520532646,
      "min": 465,
      "max": 100000
    },
    "queries": {
      "n": 0,
      "frac": 0.0
    }
  },
  "test": {
    "n_samples": 4727,
    "chars": {
      "total": 31718937,
      "mean": 6710.162259361117,
      "min": 696,
      "max": 100000
    },
    "queries": {
      "n": 0,
      "frac": 0.0
    }
  }
}