{
  "train": {
    "n_samples": 8684583,
    "tokens": {
      "total": 4446506496,
      "mean": 512.0,
      "min": 512,
      "max": 512
    },
    "queries": {
      "n": 67006,
      "frac": 0.0077155114989401336
    }
  },
  "test": {
    "n_samples": 10851,
    "tokens": {
      "total": 5555712,
      "mean": 512.0,
      "min": 512,
      "max": 512
    },
    "queries": {
      "n": 85,
      "frac": 0.007833379412035758
    }
  }
}