split,n_samples,chars_total,chars_mean,chars_min,chars_max,queries_n,queries_frac
train,8003769,39338293224,4914.971087246521,316,100000,86799,0.010844765759731447
test,10000,48594564,4859.4564,662,100000,117,0.0117
