{
  "train": {
    "n_samples": 8003769,
    "chars": {
      "total": 39338293224,
      "mean": 4914.971087246521,
      "min": 316,
      "max": 100000
    },
    "queries": {
      "n": 86799,
      "frac": 0.010844765759731447
    }
  },
  "test": {
    "n_samples": 10000,
    "chars": {
      "total": 48594564,
      "mean": 4859.4564,
      "min": 662,
      "max": 100000
    },
    "queries": {
      "n": 117,
      "frac": 0.0117
    }
  }
}